x,y,shot_body_part,shot_technique,under_pressure,shot_first_time,goal,shot_statsbomb_xg,team,player,minute,second
111.3,56.5,Right Foot,Lob,0,1,0,0.024609007,Paris Saint-Germain,Zlatan Ibrahimović,1,7
89.4,37.1,Right Foot,Normal,0,0,0,0.035886627,Paris Saint-Germain,Zlatan Ibrahimović,6,5
93.6,49.8,Right Foot,Normal,0,0,0,0.031780288,Paris Saint-Germain,Lucas Rodrigues Moura da Silva,7,28
109.9,51.3,Right Foot,Normal,1,0,0,0.22743501,Paris Saint-Germain,Gregory van der Wiel,23,51
108.9,23.7,Left Foot,Normal,0,0,0,0.05210939,Paris Saint-Germain,Blaise Matuidi,28,37
105.7,53.7,Right Foot,Normal,0,0,1,0.08603722,Paris Saint-Germain,Zlatan Ibrahimović,31,53
111.2,46.1,Right Foot,Normal,1,1,1,0.15447496,Paris Saint-Germain,Lucas Rodrigues Moura da Silva,39,37
103.3,55.7,Right Foot,Normal,0,0,0,0.042910684,Paris Saint-Germain,Adrien Rabiot,46,58
112.3,61.1,Left Foot,Half Volley,0,1,0,0.006106727,Paris Saint-Germain,Ángel Fabián Di María Hernández,49,12
114.1,43.8,Right Foot,Half Volley,0,1,1,0.5243198,Paris Saint-Germain,Gregory van der Wiel,53,5
105.6,26.7,Left Foot,Normal,0,1,0,0.09832551,Paris Saint-Germain,David Luiz Moreira Marinho,60,25
94.4,35.2,Left Foot,Volley,0,1,1,0.0313798,Paris Saint-Germain,Ángel Fabián Di María Hernández,62,1
105.8,30.4,Left Foot,Lob,0,0,1,0.3200608,Paris Saint-Germain,Ángel Fabián Di María Hernández,65,22
116.3,35.2,Right Foot,Normal,0,1,0,0.48587784,Paris Saint-Germain,Edinson Roberto Cavani Gómez,81,20
83.3,45.1,Right Foot,Normal,0,0,0,0.0062947473,Paris Saint-Germain,Serge Aurier,81,34
97.3,38.0,Right Foot,Normal,0,0,0,0.07954268,Paris Saint-Germain,Zlatan Ibrahimović,84,37
116.3,35.9,Left Foot,Volley,0,1,0,0.43347016,Paris Saint-Germain,Edinson Roberto Cavani Gómez,2,34
113.1,33.2,Right Foot,Normal,1,1,0,0.21109682,Paris Saint-Germain,Edinson Roberto Cavani Gómez,5,24
86.0,33.7,Left Foot,Normal,0,0,0,0.015043803,Paris Saint-Germain,Ángel Fabián Di María Hernández,20,50
119.1,79.1,Left Foot,Normal,0,0,0,0.00018,Paris Saint-Germain,Ángel Fabián Di María Hernández,23,42
89.4,54.2,Left Foot,Normal,0,0,0,0.008450556,Paris Saint-Germain,Ángel Fabián Di María Hernández,29,10
78.5,53.3,Left Foot,Half Volley,1,0,0,0.005247138,Paris Saint-Germain,Adrien Rabiot,43,17
99.0,17.2,Right Foot,Normal,0,0,0,0.007796167,Paris Saint-Germain,Zlatan Ibrahimović,79,53
107.4,53.5,Right Foot,Normal,0,1,0,0.14747064,Paris Saint-Germain,Zlatan Ibrahimović,91,58
103.7,54.7,Right Foot,Normal,0,1,0,0.060805865,Paris Saint-Germain,Zlatan Ibrahimović,7,57
114.2,36.0,Other,Normal,0,0,1,0.3109844,Paris Saint-Germain,Zlatan Ibrahimović,17,0
109.9,37.6,Right Foot,Volley,0,1,0,0.1651778,Paris Saint-Germain,Zlatan Ibrahimović,29,9
104.3,35.3,Right Foot,Half Volley,0,0,0,0.3910862,Paris Saint-Germain,Zlatan Ibrahimović,29,30
110.5,34.4,Right Foot,Normal,0,0,1,0.5019223,Paris Saint-Germain,Lucas Rodrigues Moura da Silva,42,42
108.5,27.9,Left Foot,Half Volley,0,1,0,0.099712126,Paris Saint-Germain,Lucas Rodrigues Moura da Silva,44,48
98.2,41.0,Right Foot,Normal,0,1,0,0.13972482,Paris Saint-Germain,Zlatan Ibrahimović,47,16
100.2,31.5,Right Foot,Normal,0,0,0,0.08632032,Paris Saint-Germain,Zlatan Ibrahimović,51,42
115.9,38.4,Left Foot,Volley,0,1,1,0.72680956,Paris Saint-Germain,Marcos Aoás Corrêa,51,44
103.7,46.2,Left Foot,Normal,0,0,0,0.060187485,Paris Saint-Germain,Zlatan Ibrahimović,60,19
104.1,33.5,Left Foot,Normal,1,0,0,0.3415604,Paris Saint-Germain,Zlatan Ibrahimović,65,36
117.1,30.8,Head,Normal,0,0,0,0.053782217,Paris Saint-Germain,David Luiz Moreira Marinho,73,5
108.0,47.1,Left Foot,Volley,0,1,0,0.10956274,Paris Saint-Germain,Blaise Matuidi,75,12
116.0,42.3,Head,Normal,0,0,0,0.19105245,Paris Saint-Germain,Thiago Motta,75,41
95.7,53.1,Right Foot,Normal,0,0,0,0.044442195,Paris Saint-Germain,Zlatan Ibrahimović,80,28
94.9,41.7,Left Foot,Normal,0,0,0,0.02030118,Paris Saint-Germain,Zlatan Ibrahimović,81,23
97.6,44.2,Right Foot,Normal,1,0,0,0.11034992,Paris Saint-Germain,Zlatan Ibrahimović,82,13
106.9,46.3,Right Foot,Volley,1,1,0,0.13162276,Paris Saint-Germain,Zlatan Ibrahimović,84,17
112.1,34.9,Head,Normal,1,0,1,0.09333907,Paris Saint-Germain,Zlatan Ibrahimović,88,45
97.0,26.8,Left Foot,Lob,0,1,0,0.040270984,Paris Saint-Germain,Adrien Rabiot,2,47
94.6,38.1,Left Foot,Volley,0,1,0,0.0313294,Paris Saint-Germain,Ángel Fabián Di María Hernández,25,34
99.7,32.6,Left Foot,Normal,0,1,0,0.052352,Paris Saint-Germain,Zlatan Ibrahimović,35,58
115.3,41.0,Right Foot,Normal,0,0,0,0.85737664,Paris Saint-Germain,Lucas Rodrigues Moura da Silva,35,59
111.9,44.6,Head,Normal,0,0,0,0.12663935,Paris Saint-Germain,Serge Aurier,56,36
115.3,36.4,Head,Normal,0,0,1,0.33041242,Paris Saint-Germain,Zlatan Ibrahimović,58,32
110.7,39.1,Head,Normal,0,0,0,0.070314616,Paris Saint-Germain,Serge Aurier,83,16
109.0,38.3,Head,Normal,1,0,0,0.042711172,Paris Saint-Germain,Serge Aurier,84,44
115.2,34.4,Left Foot,Half Volley,0,1,0,0.16578136,Paris Saint-Germain,Jean-Kévin Augustin,84,44
107.5,29.8,Left Foot,Normal,0,0,0,0.13881177,Paris Saint-Germain,Lucas Rodrigues Moura da Silva,90,27
100.7,50.9,Left Foot,Normal,0,0,0,0.039518367,Paris Saint-Germain,Ángel Fabián Di María Hernández,90,38
111.7,39.4,Head,Normal,0,0,1,0.19830555,Paris Saint-Germain,Edinson Roberto Cavani Gómez,12,3
108.3,41.1,Head,Normal,1,0,0,0.044271223,Paris Saint-Germain,Thiago Emiliano da Silva,40,26
115.8,30.0,Right Foot,Normal,1,0,1,0.18566726,Paris Saint-Germain,Edinson Roberto Cavani Gómez,48,26
115.5,44.3,Head,Normal,0,0,0,0.26147515,Paris Saint-Germain,Zlatan Ibrahimović,52,55
91.5,43.4,Right Foot,Normal,0,0,0,0.029047206,Paris Saint-Germain,Christopher Nkunku,54,55
117.0,37.9,Head,Normal,0,0,1,0.5072537,Paris Saint-Germain,Edinson Roberto Cavani Gómez,57,47
108.6,49.9,Right Foot,Normal,0,0,0,0.1949924,Paris Saint-Germain,Lucas Rodrigues Moura da Silva,82,5
111.7,41.0,Head,Normal,1,0,0,0.074019946,Paris Saint-Germain,Marcos Aoás Corrêa,82,35
102.0,46.9,Right Foot,Normal,0,0,1,0.25058663,Paris Saint-Germain,Zlatan Ibrahimović,91,37
109.2,41.2,Head,Normal,0,0,0,0.080745056,Paris Saint-Germain,Marcos Aoás Corrêa,7,43
95.2,57.1,Left Foot,Normal,0,0,0,0.0140274605,Paris Saint-Germain,Ángel Fabián Di María Hernández,14,16
63.0,40.8,Right Foot,Lob,0,0,0,0.003537224,Paris Saint-Germain,Zlatan Ibrahimović,16,37
105.0,52.9,Left Foot,Normal,0,1,0,0.09409077,Paris Saint-Germain,Ángel Fabián Di María Hernández,22,19
114.6,38.1,Left Foot,Normal,1,1,0,0.36291397,Paris Saint-Germain,Edinson Roberto Cavani Gómez,22,36
99.4,31.0,Right Foot,Normal,0,1,0,0.034316353,Paris Saint-Germain,Javier Matías Pastore,23,12
103.9,51.5,Right Foot,Half Volley,0,0,0,0.07941869,Paris Saint-Germain,Zlatan Ibrahimović,25,0
93.6,55.9,Right Foot,Normal,0,0,0,0.01507959,Paris Saint-Germain,Edinson Roberto Cavani Gómez,27,15
98.1,43.4,Right Foot,Normal,0,0,0,0.10155114,Paris Saint-Germain,Zlatan Ibrahimović,35,14
99.1,37.7,Right Foot,Normal,1,0,0,0.04345059,Paris Saint-Germain,Ángel Fabián Di María Hernández,40,40
113.1,44.9,Head,Normal,1,0,0,0.07561195,Paris Saint-Germain,Thiago Emiliano da Silva,41,43
105.7,43.1,Right Foot,Normal,0,1,0,0.1595827,Paris Saint-Germain,Zlatan Ibrahimović,45,52
114.9,43.6,Left Foot,Normal,0,1,0,0.6648081,Paris Saint-Germain,Edinson Roberto Cavani Gómez,46,38
106.6,37.2,Left Foot,Half Volley,0,1,0,0.17507629,Paris Saint-Germain,Javier Matías Pastore,46,39
107.2,35.0,Right Foot,Normal,0,0,1,0.4351613,Paris Saint-Germain,Maxwell Scherrer Cabelino Andrade,49,18
113.4,36.3,Right Foot,Volley,0,1,1,0.30746105,Paris Saint-Germain,Zlatan Ibrahimović,53,3
109.4,23.8,Right Foot,Normal,0,1,0,0.057693005,Paris Saint-Germain,Edinson Roberto Cavani Gómez,55,25
108.7,57.2,Right Foot,Normal,0,1,0,0.023819009,Paris Saint-Germain,Javier Matías Pastore,67,29
104.8,32.3,Right Foot,Normal,0,1,0,0.58671016,Paris Saint-Germain,Zlatan Ibrahimović,75,12
112.0,50.4,Right Foot,Normal,0,0,0,0.2621347,Paris Saint-Germain,Javier Matías Pastore,76,2
105.2,34.6,Left Foot,Normal,0,0,1,0.20260298,Paris Saint-Germain,Zlatan Ibrahimović,77,34
110.6,53.1,Right Foot,Volley,0,1,0,0.0490616,Paris Saint-Germain,Zlatan Ibrahimović,79,23
105.4,38.3,Right Foot,Half Volley,1,0,0,0.16839604,Paris Saint-Germain,Lucas Rodrigues Moura da Silva,80,24
109.5,34.3,Right Foot,Normal,0,1,0,0.4817113,Paris Saint-Germain,Edinson Roberto Cavani Gómez,80,26
109.8,45.0,Right Foot,Normal,1,1,0,0.12553844,Paris Saint-Germain,Edinson Roberto Cavani Gómez,89,31
97.9,48.4,Left Foot,Normal,0,0,0,0.03815984,Paris Saint-Germain,Lucas Rodrigues Moura da Silva,89,51
104.0,29.6,Right Foot,Normal,0,0,1,0.112456836,Paris Saint-Germain,Edinson Roberto Cavani Gómez,90,33
94.5,32.6,Right Foot,Normal,0,0,1,0.04361412,Paris Saint-Germain,Zlatan Ibrahimović,11,1
113.3,40.7,Head,Normal,1,0,0,0.27007103,Paris Saint-Germain,Lucas Rodrigues Moura da Silva,21,15
99.2,26.9,Right Foot,Normal,0,0,0,0.05978967,Paris Saint-Germain,Edinson Roberto Cavani Gómez,24,8
109.1,29.7,Right Foot,Lob,0,1,0,0.37860432,Paris Saint-Germain,Edinson Roberto Cavani Gómez,24,53
96.2,44.2,Left Foot,Normal,1,0,0,0.05799304,Paris Saint-Germain,Zlatan Ibrahimović,27,44
110.2,38.7,Head,Normal,0,0,0,0.054643944,Paris Saint-Germain,Marcos Aoás Corrêa,34,52
107.4,49.4,Left Foot,Volley,1,1,0,0.12599364,Paris Saint-Germain,Blaise Matuidi,36,54
103.8,26.6,Right Foot,Normal,0,0,0,0.056423116,Paris Saint-Germain,Zlatan Ibrahimović,38,14
107.9,25.7,Left Foot,Normal,0,0,0,0.12515905,Paris Saint-Germain,Edinson Roberto Cavani Gómez,38,53
109.4,31.7,Left Foot,Normal,1,1,1,0.08540717,Paris Saint-Germain,Blaise Matuidi,45,57
118.0,49.6,Right Foot,Volley,1,1,0,0.020889385,Paris Saint-Germain,Lucas Rodrigues Moura da Silva,46,17
112.2,40.0,Right Foot,Normal,0,1,1,0.6517175,Paris Saint-Germain,Edinson Roberto Cavani Gómez,48,12
99.5,33.9,Left Foot,Lob,1,0,1,0.22183202,Paris Saint-Germain,Ángel Fabián Di María Hernández,51,41
113.0,43.1,Head,Normal,1,0,0,0.16283295,Paris Saint-Germain,Lucas Rodrigues Moura da Silva,53,53
105.5,41.2,Right Foot,Volley,0,1,1,0.15513325,Paris Saint-Germain,Zlatan Ibrahimović,55,52
89.4,48.5,Right Foot,Lob,0,0,0,0.045847256,Paris Saint-Germain,Zlatan Ibrahimović,64,4
105.6,43.4,Right Foot,Normal,1,1,0,0.1371511,Paris Saint-Germain,Zlatan Ibrahimović,71,41
111.9,29.7,Left Foot,Normal,0,1,1,0.19318242,Paris Saint-Germain,Maxwell Scherrer Cabelino Andrade,75,38
111.9,52.3,Right Foot,Normal,0,1,0,0.14044455,Paris Saint-Germain,Gregory van der Wiel,78,49
106.6,30.3,Left Foot,Normal,0,1,0,0.10903863,Paris Saint-Germain,Layvin Kurzawa,78,52
115.9,45.4,Head,Normal,0,0,0,0.20543325,Paris Saint-Germain,Lucas Rodrigues Moura da Silva,82,59
113.3,51.2,Right Foot,Normal,0,0,0,0.21634278,Paris Saint-Germain,Lucas Rodrigues Moura da Silva,85,12
103.4,39.6,Left Foot,Normal,0,1,0,0.18792151,Paris Saint-Germain,Blaise Matuidi,5,10
84.6,24.8,Left Foot,Normal,0,0,0,0.006054224,Paris Saint-Germain,Layvin Kurzawa,7,38
97.2,44.5,Left Foot,Normal,0,0,0,0.04909676,Paris Saint-Germain,Gregory van der Wiel,7,49
87.6,30.6,Left Foot,Normal,0,0,0,0.016586503,Paris Saint-Germain,Layvin Kurzawa,33,51
115.0,47.0,Head,Normal,0,0,0,0.093902856,Paris Saint-Germain,Layvin Kurzawa,36,0
88.3,41.8,Right Foot,Normal,0,0,0,0.02337752,Paris Saint-Germain,Hervin Scicchitano Ongenda,42,33
82.0,43.0,Right Foot,Normal,0,0,0,0.007933561,Paris Saint-Germain,Hervin Scicchitano Ongenda,45,31
110.4,36.5,Head,Normal,1,0,0,0.09951289,Paris Saint-Germain,Layvin Kurzawa,46,5
99.7,43.9,Right Foot,Normal,0,0,0,0.07367071,Paris Saint-Germain,Jean-Kévin Augustin,47,5
112.8,39.5,Other,Normal,1,0,0,0.41436857,Paris Saint-Germain,Lucas Rodrigues Moura da Silva,49,26
108.1,40.1,Right Foot,Normal,0,0,1,0.7835,Paris Saint-Germain,Lucas Rodrigues Moura da Silva,55,10
89.5,43.0,Right Foot,Normal,0,0,0,0.024788948,Paris Saint-Germain,Hervin Scicchitano Ongenda,57,26
108.7,34.8,Right Foot,Normal,1,0,1,0.15288496,Paris Saint-Germain,Lucas Rodrigues Moura da Silva,70,55
90.4,37.6,Right Foot,Normal,0,0,0,0.021288106,Paris Saint-Germain,Lucas Rodrigues Moura da Silva,72,45
97.3,45.2,Right Foot,Normal,0,0,0,0.03591525,Paris Saint-Germain,Zlatan Ibrahimović,5,0
106.7,47.0,Right Foot,Normal,1,1,0,0.19074292,Paris Saint-Germain,Blaise Matuidi,8,33
115.7,50.7,Right Foot,Half Volley,0,0,1,0.06900461,Paris Saint-Germain,Zlatan Ibrahimović,14,19
107.2,29.3,Right Foot,Normal,0,1,0,0.13574347,Paris Saint-Germain,Hervin Scicchitano Ongenda,24,1
100.8,44.7,Right Foot,Normal,0,0,1,0.08990443,Paris Saint-Germain,Zlatan Ibrahimović,33,29
108.9,42.4,Head,Normal,0,0,0,0.0725269,Paris Saint-Germain,Thiago Emiliano da Silva,39,23
94.5,55.2,Left Foot,Normal,0,0,0,0.025040528,Paris Saint-Germain,Adrien Rabiot,42,57
102.4,43.6,Left Foot,Half Volley,1,0,0,0.08050941,Paris Saint-Germain,Zlatan Ibrahimović,45,29
116.0,36.0,Head,Normal,1,0,1,0.16208136,Paris Saint-Germain,David Luiz Moreira Marinho,47,33
113.1,42.4,Head,Normal,1,0,0,0.09953334,Paris Saint-Germain,David Luiz Moreira Marinho,49,30
114.8,33.6,Right Foot,Volley,0,1,0,0.17200178,Paris Saint-Germain,Zlatan Ibrahimović,49,31
104.7,27.8,Left Foot,Normal,0,1,1,0.10623879,Paris Saint-Germain,Zlatan Ibrahimović,81,48
114.5,33.7,Left Foot,Volley,0,1,0,0.14470227,Paris Saint-Germain,Edinson Roberto Cavani Gómez,3,46
108.5,27.8,Left Foot,Normal,0,1,0,0.15759662,Paris Saint-Germain,Ángel Fabián Di María Hernández,3,48
92.1,42.2,Left Foot,Normal,1,0,0,0.025379011,Paris Saint-Germain,Ángel Fabián Di María Hernández,11,6
91.4,52.0,Right Foot,Half Volley,0,0,0,0.020734306,Paris Saint-Germain,Zlatan Ibrahimović,17,6
108.3,49.8,Right Foot,Normal,0,0,0,0.06487354,Paris Saint-Germain,Edinson Roberto Cavani Gómez,20,51
113.8,50.1,Head,Normal,0,0,0,0.053439654,Paris Saint-Germain,Edinson Roberto Cavani Gómez,21,20
108.8,34.3,Right Foot,Overhead Kick,0,1,0,0.06320031,Paris Saint-Germain,Edinson Roberto Cavani Gómez,29,23
106.2,26.7,Right Foot,Normal,0,1,0,0.04735842,Paris Saint-Germain,Ángel Fabián Di María Hernández,32,46
107.0,44.5,Head,Normal,0,0,0,0.0627143,Paris Saint-Germain,Edinson Roberto Cavani Gómez,37,40
109.0,27.2,Left Foot,Normal,0,0,0,0.104841605,Paris Saint-Germain,Zlatan Ibrahimović,38,39
108.3,40.3,Head,Normal,0,0,0,0.09943831,Paris Saint-Germain,Zlatan Ibrahimović,40,16
103.6,53.0,Right Foot,Normal,0,1,0,0.07586647,Paris Saint-Germain,Zlatan Ibrahimović,45,29
112.3,34.9,Head,Normal,0,0,0,0.12313479,Paris Saint-Germain,Edinson Roberto Cavani Gómez,54,54
89.1,42.7,Left Foot,Half Volley,0,0,0,0.021023396,Paris Saint-Germain,Adrien Rabiot,57,21
98.8,39.6,Right Foot,Half Volley,0,1,0,0.052933797,Paris Saint-Germain,Zlatan Ibrahimović,76,2
112.6,33.5,Head,Normal,1,0,0,0.05891092,Paris Saint-Germain,Edinson Roberto Cavani Gómez,79,0
117.5,46.8,Head,Normal,0,0,0,0.17922981,Paris Saint-Germain,Zlatan Ibrahimović,79,1
104.6,40.7,Right Foot,Volley,0,0,0,0.059483137,Paris Saint-Germain,Zlatan Ibrahimović,82,45
100.7,46.9,Right Foot,Half Volley,0,0,0,0.04288813,Paris Saint-Germain,Blaise Matuidi,82,47
110.4,43.0,Right Foot,Volley,0,1,0,0.17979157,Paris Saint-Germain,Jean-Kévin Augustin,86,11
115.0,30.0,Head,Normal,1,0,0,0.044551082,Paris Saint-Germain,David Luiz Moreira Marinho,87,13
116.1,42.6,Head,Normal,1,0,0,0.30622306,Paris Saint-Germain,Thiago Emiliano da Silva,87,42
116.3,32.7,Right Foot,Volley,0,1,0,0.24992338,Paris Saint-Germain,Zlatan Ibrahimović,87,42
108.8,43.5,Right Foot,Volley,0,1,0,0.087956294,Paris Saint-Germain,Thiago Emiliano da Silva,8,35
96.2,32.8,Right Foot,Half Volley,0,1,0,0.037726667,Paris Saint-Germain,Zlatan Ibrahimović,9,30
106.6,33.4,Right Foot,Normal,0,0,0,0.46120927,Paris Saint-Germain,Edinson Roberto Cavani Gómez,12,39
113.4,33.4,Right Foot,Normal,0,1,1,0.8974841,Paris Saint-Germain,Edinson Roberto Cavani Gómez,12,41
109.7,37.7,Right Foot,Lob,1,0,1,0.48731616,Paris Saint-Germain,Javier Matías Pastore,16,44
112.2,32.9,Right Foot,Half Volley,0,0,0,0.26996684,Paris Saint-Germain,Edinson Roberto Cavani Gómez,18,16
114.1,29.7,Left Foot,Half Volley,0,1,1,0.18974373,Paris Saint-Germain,Adrien Rabiot,18,18
100.5,29.2,Left Foot,Normal,0,0,0,0.052555997,Paris Saint-Germain,Zlatan Ibrahimović,26,11
112.1,26.7,Left Foot,Normal,0,1,0,0.0721631,Paris Saint-Germain,Javier Matías Pastore,39,19
100.8,40.1,Left Foot,Normal,0,0,1,0.081658065,Paris Saint-Germain,Zlatan Ibrahimović,45,22
115.1,46.8,Head,Normal,1,0,0,0.096558236,Paris Saint-Germain,Layvin Kurzawa,48,42
107.6,50.6,Left Foot,Volley,0,1,0,0.055259325,Paris Saint-Germain,Zlatan Ibrahimović,51,17
111.1,43.8,Right Foot,Volley,0,1,1,0.17660438,Paris Saint-Germain,Zlatan Ibrahimović,51,52
100.2,39.0,Right Foot,Half Volley,0,1,1,0.07245108,Paris Saint-Germain,Zlatan Ibrahimović,55,0
108.1,32.6,Right Foot,Normal,0,0,0,0.107877426,Paris Saint-Germain,Edinson Roberto Cavani Gómez,60,5
108.2,40.1,Right Foot,Normal,0,0,0,0.7835,Paris Saint-Germain,Edinson Roberto Cavani Gómez,74,24
115.3,40.3,Right Foot,Volley,0,1,1,0.72298133,Paris Saint-Germain,Edinson Roberto Cavani Gómez,74,26
86.3,32.4,Right Foot,Normal,1,0,0,0.014806782,Paris Saint-Germain,Zlatan Ibrahimović,77,9
92.6,21.7,Right Foot,Normal,0,0,0,0.007973566,Paris Saint-Germain,David Luiz Moreira Marinho,78,8
106.6,31.1,Left Foot,Normal,1,1,1,0.24555889,Paris Saint-Germain,Zlatan Ibrahimović,87,52
105.0,39.1,Right Foot,Normal,0,0,0,0.48932752,Paris Saint-Germain,Javier Matías Pastore,89,8
103.4,44.5,Right Foot,Normal,0,1,0,0.31253505,Paris Saint-Germain,Lucas Rodrigues Moura da Silva,89,10
50.1,71.7,Right Foot,Normal,0,0,0,0.0034456847,Paris Saint-Germain,Zlatan Ibrahimović,7,24
105.0,31.9,Left Foot,Half Volley,0,1,0,0.08805859,Paris Saint-Germain,Zlatan Ibrahimović,13,54
103.6,42.7,Right Foot,Overhead Kick,1,0,0,0.03350752,Paris Saint-Germain,Lucas Rodrigues Moura da Silva,34,31
110.9,36.5,Head,Normal,1,0,0,0.054164995,Paris Saint-Germain,Thiago Emiliano da Silva,35,11
92.4,40.2,Right Foot,Normal,0,1,0,0.02610068,Paris Saint-Germain,Zlatan Ibrahimović,43,54
105.1,44.9,Left Foot,Normal,1,1,1,0.09055618,Paris Saint-Germain,Lucas Rodrigues Moura da Silva,50,37
96.5,47.8,Right Foot,Lob,1,0,0,0.07499769,Paris Saint-Germain,Zlatan Ibrahimović,64,24
102.6,62.6,Left Foot,Normal,1,1,0,0.008365994,Paris Saint-Germain,Ángel Fabián Di María Hernández,2,37
113.8,36.5,Head,Normal,0,0,0,0.1253812,Paris Saint-Germain,David Luiz Moreira Marinho,3,0
112.1,49.2,Head,Normal,1,0,0,0.026763065,Paris Saint-Germain,Thiago Motta,6,8
108.5,54.4,Right Foot,Normal,0,1,1,0.12146763,Paris Saint-Germain,Gregory van der Wiel,11,13
113.2,34.7,Head,Normal,0,0,0,0.07072108,Paris Saint-Germain,Edinson Roberto Cavani Gómez,24,39
107.6,33.8,Left Foot,Normal,0,1,0,0.1657624,Paris Saint-Germain,Zlatan Ibrahimović,42,47
111.2,31.1,Left Foot,Half Volley,0,0,1,0.2018329,Paris Saint-Germain,Zlatan Ibrahimović,42,48
104.1,32.1,Right Foot,Normal,0,1,1,0.3219359,Paris Saint-Germain,Edinson Roberto Cavani Gómez,45,27
96.7,46.6,Right Foot,Normal,0,0,0,0.051047098,Paris Saint-Germain,Zlatan Ibrahimović,45,57
90.8,43.9,Left Foot,Normal,0,1,0,0.024508093,Paris Saint-Germain,Thiago Motta,53,41
102.4,28.4,Left Foot,Normal,0,0,0,0.032230068,Paris Saint-Germain,Blaise Matuidi,58,51
112.1,30.7,Left Foot,Volley,0,1,1,0.07429926,Paris Saint-Germain,Zlatan Ibrahimović,67,22
95.6,53.7,Right Foot,Normal,0,0,0,0.029271413,Paris Saint-Germain,Gregory van der Wiel,73,31
97.0,48.1,Right Foot,Half Volley,1,1,0,0.03289975,Paris Saint-Germain,Gregory van der Wiel,74,5
99.2,43.3,Right Foot,Half Volley,0,1,0,0.086678125,Paris Saint-Germain,Edinson Roberto Cavani Gómez,81,57
115.0,40.6,Head,Normal,1,0,0,0.16076134,Paris Saint-Germain,Thiago Motta,5,31
104.9,54.7,Right Foot,Normal,0,0,0,0.072255485,Paris Saint-Germain,Zlatan Ibrahimović,11,41
109.7,49.0,Head,Normal,1,0,0,0.025306119,Paris Saint-Germain,Thiago Emiliano da Silva,20,22
108.2,34.2,Right Foot,Half Volley,1,1,0,0.057717584,Paris Saint-Germain,Edinson Roberto Cavani Gómez,20,24
110.7,26.5,Left Foot,Normal,0,0,1,0.3384294,Paris Saint-Germain,Layvin Kurzawa,22,46
82.9,31.0,Right Foot,Normal,0,0,0,0.0073762853,Paris Saint-Germain,Zlatan Ibrahimović,26,11
95.5,45.9,Left Foot,Normal,1,0,0,0.06349963,Paris Saint-Germain,Ángel Fabián Di María Hernández,35,58
117.6,32.5,Head,Normal,0,0,0,0.06944868,Paris Saint-Germain,Layvin Kurzawa,38,34
107.9,42.0,Right Foot,Normal,0,1,0,0.5087925,Paris Saint-Germain,Edinson Roberto Cavani Gómez,40,15
103.5,27.8,Left Foot,Half Volley,0,1,0,0.045789126,Paris Saint-Germain,Ángel Fabián Di María Hernández,42,57
113.4,37.8,Head,Normal,0,0,0,0.25219858,Paris Saint-Germain,Zlatan Ibrahimović,44,6
101.5,39.4,Left Foot,Normal,0,0,0,0.26747873,Paris Saint-Germain,Ángel Fabián Di María Hernández,45,56
112.6,32.9,Left Foot,Normal,1,1,1,0.23159935,Paris Saint-Germain,Edinson Roberto Cavani Gómez,47,12
114.0,34.9,Left Foot,Normal,0,1,0,0.49496743,Paris Saint-Germain,Edinson Roberto Cavani Gómez,48,33
117.5,52.6,Right Foot,Normal,1,1,0,0.014832841,Paris Saint-Germain,Zlatan Ibrahimović,57,18
113.6,41.6,Right Foot,Normal,0,1,1,0.91700184,Paris Saint-Germain,Zlatan Ibrahimović,66,23
99.6,44.2,Right Foot,Normal,1,0,0,0.085670575,Paris Saint-Germain,Lucas Rodrigues Moura da Silva,71,36
115.4,37.1,Left Foot,Half Volley,0,1,0,0.32108843,Paris Saint-Germain,Blaise Matuidi,72,5
101.3,35.6,Right Foot,Normal,1,1,0,0.11226689,Paris Saint-Germain,Edinson Roberto Cavani Gómez,79,39
111.2,28.3,Head,Normal,1,0,0,0.03902051,Paris Saint-Germain,Layvin Kurzawa,81,25
111.1,30.4,Head,Normal,0,0,1,0.04038026,Paris Saint-Germain,Lucas Rodrigues Moura da Silva,86,3
82.2,45.5,Right Foot,Half Volley,0,0,0,0.005660963,Paris Saint-Germain,Zlatan Ibrahimović,1,5
113.5,31.6,Left Foot,Volley,0,1,0,0.13023184,Paris Saint-Germain,Zlatan Ibrahimović,9,10
81.0,34.6,Right Foot,Normal,0,0,0,0.007427754,Paris Saint-Germain,Zlatan Ibrahimović,29,42
103.5,29.6,Left Foot,Normal,1,1,0,0.07347534,Paris Saint-Germain,Zlatan Ibrahimović,34,52
115.2,34.4,Head,Normal,1,0,0,0.13934448,Paris Saint-Germain,Thiago Motta,49,13
93.2,46.3,Right Foot,Normal,1,0,0,0.04454752,Paris Saint-Germain,Zlatan Ibrahimović,51,0
112.4,36.8,Head,Normal,0,0,0,0.08838982,Paris Saint-Germain,Zlatan Ibrahimović,54,35
103.0,33.4,Right Foot,Normal,0,1,0,0.09025807,Paris Saint-Germain,Lucas Rodrigues Moura da Silva,63,45
110.9,42.6,Head,Normal,1,0,0,0.060043387,Paris Saint-Germain,David Luiz Moreira Marinho,72,42
115.7,34.5,Head,Normal,0,0,1,0.211379,Paris Saint-Germain,Zlatan Ibrahimović,72,43
104.7,28.4,Right Foot,Normal,0,0,0,0.04661663,Paris Saint-Germain,Lucas Rodrigues Moura da Silva,83,54
86.7,20.2,Right Foot,Normal,0,0,0,0.0070760464,Paris Saint-Germain,Zlatan Ibrahimović,91,43
118.0,35.3,Head,Normal,0,0,0,0.2306968,Paris Saint-Germain,Thiago Emiliano da Silva,28,54
118.9,42.3,Left Foot,Half Volley,0,0,1,0.9368823,Paris Saint-Germain,Thiago Motta,28,55
80.4,34.8,Right Foot,Normal,0,0,0,0.0076736775,Paris Saint-Germain,Zlatan Ibrahimović,31,5
107.3,31.3,Right Foot,Half Volley,0,1,0,0.0498096,Paris Saint-Germain,Maxwell Scherrer Cabelino Andrade,31,17
109.9,36.8,Head,Normal,0,0,0,0.09158447,Paris Saint-Germain,Lucas Rodrigues Moura da Silva,33,5
114.4,25.9,Left Foot,Volley,0,1,1,0.020228563,Paris Saint-Germain,Maxwell Scherrer Cabelino Andrade,38,9
106.1,38.4,Right Foot,Normal,0,0,0,0.17445329,Paris Saint-Germain,Zlatan Ibrahimović,57,4
102.6,54.2,Right Foot,Normal,0,0,0,0.015012047,Paris Saint-Germain,Serge Aurier,61,26
104.1,45.9,Right Foot,Half Volley,0,0,0,0.061152425,Paris Saint-Germain,Lucas Rodrigues Moura da Silva,72,26
98.4,42.4,Right Foot,Normal,0,0,0,0.052003752,Paris Saint-Germain,Javier Matías Pastore,74,30
104.4,51.1,Right Foot,Normal,0,1,0,0.047373164,Paris Saint-Germain,Javier Matías Pastore,75,42
109.5,40.6,Head,Normal,0,0,0,0.06923544,Paris Saint-Germain,Lucas Rodrigues Moura da Silva,81,24
91.0,34.4,Left Foot,Normal,0,0,0,0.023670115,Paris Saint-Germain,Ángel Fabián Di María Hernández,88,44
101.0,49.4,Right Foot,Half Volley,0,1,0,0.14360552,Paris Saint-Germain,Zlatan Ibrahimović,12,14
107.9,38.9,Head,Normal,0,0,0,0.07209094,Paris Saint-Germain,Serge Aurier,19,24
112.9,49.2,Right Foot,Half Volley,0,0,0,0.21300957,Paris Saint-Germain,Zlatan Ibrahimović,19,26
116.9,42.1,Left Foot,Normal,0,1,1,0.85981816,Paris Saint-Germain,Edinson Roberto Cavani Gómez,34,31
108.1,40.1,Right Foot,Normal,0,0,1,0.7835,Paris Saint-Germain,Zlatan Ibrahimović,43,53
113.8,34.2,Left Foot,Half Volley,0,1,0,0.09312939,Paris Saint-Germain,Zlatan Ibrahimović,45,22
113.8,37.1,Head,Normal,0,0,0,0.26344922,Paris Saint-Germain,Benjamin Stambouli,45,25
112.3,46.1,Head,Normal,0,0,0,0.115978464,Paris Saint-Germain,Zlatan Ibrahimović,50,13
105.0,34.1,Left Foot,Volley,0,1,0,0.084007256,Paris Saint-Germain,Ángel Fabián Di María Hernández,52,56
113.0,39.0,Head,Normal,0,0,0,0.15706013,Paris Saint-Germain,Thiago Motta,53,29
103.2,43.5,Left Foot,Normal,0,0,0,0.06654184,Paris Saint-Germain,Ángel Fabián Di María Hernández,60,30
113.8,53.7,Right Foot,Normal,0,1,1,0.085491404,Paris Saint-Germain,Zlatan Ibrahimović,60,46
107.4,35.8,Left Foot,Half Volley,0,0,0,0.1621519,Paris Saint-Germain,Adrien Rabiot,74,39
109.4,26.5,Left Foot,Half Volley,0,1,0,0.05169499,Paris Saint-Germain,Ángel Fabián Di María Hernández,78,17
92.4,38.0,Left Foot,Half Volley,0,0,0,0.022960303,Paris Saint-Germain,Layvin Kurzawa,91,52
102.1,53.4,Right Foot,Volley,0,1,0,0.034545027,Paris Saint-Germain,Edinson Roberto Cavani Gómez,92,6
105.8,38.7,Left Foot,Volley,1,1,0,0.071454756,Paris Saint-Germain,Ángel Fabián Di María Hernández,4,34
114.4,49.1,Head,Normal,1,0,0,0.06496587,Paris Saint-Germain,Edinson Roberto Cavani Gómez,5,4
108.0,54.1,Right Foot,Normal,1,0,0,0.08528275,Paris Saint-Germain,Serge Aurier,12,55
106.3,47.6,Left Foot,Normal,1,0,0,0.08116378,Paris Saint-Germain,Ángel Fabián Di María Hernández,32,26
105.6,28.1,Right Foot,Half Volley,1,1,0,0.043724902,Paris Saint-Germain,Lucas Rodrigues Moura da Silva,32,28
106.0,45.3,Right Foot,Volley,0,1,0,0.099566214,Paris Saint-Germain,Lucas Rodrigues Moura da Silva,50,0
102.5,47.1,Left Foot,Volley,0,1,0,0.058951605,Paris Saint-Germain,Ezequiel Iván Lavezzi,73,47
107.9,26.0,Left Foot,Normal,1,0,0,0.07204306,Paris Saint-Germain,Maxwell Scherrer Cabelino Andrade,76,50
103.4,28.7,Right Foot,Normal,0,1,0,0.072740085,Paris Saint-Germain,Edinson Roberto Cavani Gómez,80,8
95.3,45.2,Right Foot,Normal,0,0,0,0.07055698,Paris Saint-Germain,Zlatan Ibrahimović,83,57
98.0,39.2,Right Foot,Normal,0,1,0,0.06500695,Paris Saint-Germain,Adrien Rabiot,83,59
116.7,29.5,Right Foot,Backheel,0,1,0,0.026879793,Paris Saint-Germain,Edinson Roberto Cavani Gómez,84,16
108.4,35.8,Head,Normal,0,0,0,0.09092448,Paris Saint-Germain,Edinson Roberto Cavani Gómez,2,44
115.4,35.6,Head,Normal,1,0,0,0.2358587,Paris Saint-Germain,Edinson Roberto Cavani Gómez,3,6
113.3,40.5,Head,Normal,1,0,0,0.11078654,Paris Saint-Germain,Thiago Emiliano da Silva,18,10
115.7,38.1,Left Foot,Volley,1,1,0,0.6126438,Paris Saint-Germain,Thiago Emiliano da Silva,18,19
107.3,48.9,Left Foot,Volley,0,1,1,0.17343673,Paris Saint-Germain,Edinson Roberto Cavani Gómez,19,24
92.8,26.2,Left Foot,Normal,0,0,0,0.022345392,Paris Saint-Germain,Adrien Rabiot,33,34
109.9,53.8,Right Foot,Normal,0,0,0,0.062408328,Paris Saint-Germain,Zlatan Ibrahimović,42,7
108.5,27.5,Left Foot,Normal,1,0,0,0.13415334,Paris Saint-Germain,Edinson Roberto Cavani Gómez,44,55
110.5,42.6,Head,Normal,0,0,0,0.057607066,Paris Saint-Germain,Lucas Rodrigues Moura da Silva,45,31
101.4,35.3,Right Foot,Normal,1,0,0,0.11294714,Paris Saint-Germain,Lucas Rodrigues Moura da Silva,52,35
111.6,37.4,Right Foot,Volley,1,1,0,0.11643985,Paris Saint-Germain,Lucas Rodrigues Moura da Silva,53,26
105.5,46.4,Left Foot,Normal,1,0,0,0.22487636,Paris Saint-Germain,Lucas Rodrigues Moura da Silva,55,22
108.0,40.0,Right Foot,Normal,0,0,1,0.7835,Paris Saint-Germain,Zlatan Ibrahimović,57,20
103.8,18.8,Right Foot,Normal,1,0,0,0.009879631,Paris Saint-Germain,Edinson Roberto Cavani Gómez,60,21
96.1,27.2,Left Foot,Half Volley,0,0,1,0.017560283,Paris Saint-Germain,Layvin Kurzawa,66,45
109.0,30.0,Left Foot,Normal,1,1,0,0.085943066,Paris Saint-Germain,Zlatan Ibrahimović,72,3
101.9,47.3,Left Foot,Normal,1,0,0,0.057919633,Paris Saint-Germain,Ángel Fabián Di María Hernández,76,11
110.8,32.9,Left Foot,Normal,1,0,0,0.42195505,Paris Saint-Germain,Layvin Kurzawa,77,49
112.2,32.6,Head,Normal,0,0,0,0.05081537,Paris Saint-Germain,Edinson Roberto Cavani Gómez,78,22
91.0,29.4,Right Foot,Normal,0,0,0,0.03834972,Paris Saint-Germain,Zlatan Ibrahimović,81,34
93.8,45.6,Right Foot,Normal,0,0,1,0.033070795,Paris Saint-Germain,Jean-Kévin Augustin,83,18
103.7,37.6,Right Foot,Normal,1,1,0,0.15074049,Paris Saint-Germain,Zlatan Ibrahimović,11,19
93.2,32.6,Right Foot,Normal,0,0,0,0.05884273,Paris Saint-Germain,Zlatan Ibrahimović,21,44
115.9,37.9,Right Foot,Volley,0,1,1,0.48136625,Paris Saint-Germain,Hervin Scicchitano Ongenda,25,11
113.5,37.8,Left Foot,Normal,1,1,1,0.47202614,Paris Saint-Germain,Blaise Matuidi,31,45
107.3,28.9,Left Foot,Normal,0,0,0,0.05419725,Paris Saint-Germain,Zlatan Ibrahimović,35,51
87.4,42.8,Left Foot,Half Volley,0,1,0,0.013872718,Paris Saint-Germain,Adrien Rabiot,69,20
101.3,61.3,Right Foot,Normal,0,0,0,0.009325295,Paris Saint-Germain,Lucas Rodrigues Moura da Silva,69,46
103.0,31.7,Right Foot,Normal,0,0,0,0.16140136,Paris Saint-Germain,Zlatan Ibrahimović,85,37
92.6,30.8,Right Foot,Normal,0,0,0,0.048344146,Paris Saint-Germain,David Luiz Moreira Marinho,5,55
95.8,38.9,Left Foot,Normal,0,0,0,0.050221086,Paris Saint-Germain,Adrien Rabiot,13,53
88.6,39.1,Left Foot,Half Volley,0,0,0,0.017964317,Paris Saint-Germain,Edinson Roberto Cavani Gómez,21,22
103.7,41.8,Left Foot,Half Volley,0,1,0,0.0664733,Paris Saint-Germain,Ezequiel Iván Lavezzi,37,48
96.2,50.8,Left Foot,Normal,1,0,0,0.035350844,Paris Saint-Germain,Edinson Roberto Cavani Gómez,50,56
110.8,45.0,Head,Normal,1,0,0,0.06712011,Paris Saint-Germain,Edinson Roberto Cavani Gómez,56,35
111.9,28.9,Left Foot,Normal,1,1,1,0.101204574,Paris Saint-Germain,Blaise Matuidi,60,0
108.4,59.6,Right Foot,Normal,1,0,0,0.008910541,Paris Saint-Germain,Serge Aurier,61,52
108.6,48.4,Right Foot,Normal,0,0,0,0.37049308,Paris Saint-Germain,Jean-Kévin Augustin,79,43
103.1,33.1,Right Foot,Normal,0,0,0,0.37814203,Paris Saint-Germain,Jean-Kévin Augustin,8,47
89.7,47.0,Left Foot,Half Volley,0,1,0,0.06733867,Paris Saint-Germain,Ángel Fabián Di María Hernández,36,39
91.6,31.8,Right Foot,Normal,1,0,0,0.025998622,Paris Saint-Germain,Javier Matías Pastore,38,48
117.7,33.9,Head,Normal,0,0,0,0.096845984,Paris Saint-Germain,Layvin Kurzawa,40,9
93.9,41.6,Left Foot,Normal,0,1,0,0.046372976,Paris Saint-Germain,Ángel Fabián Di María Hernández,49,2
106.5,45.4,Left Foot,Normal,0,0,0,0.24014987,Paris Saint-Germain,Edinson Roberto Cavani Gómez,55,50
95.5,43.4,Right Foot,Normal,0,0,0,0.060119405,Paris Saint-Germain,Lucas Rodrigues Moura da Silva,64,27
90.2,44.5,Left Foot,Normal,0,0,0,0.024191912,Paris Saint-Germain,Benjamin Stambouli,66,38
111.5,30.9,Left Foot,Normal,0,0,0,0.35431263,Paris Saint-Germain,Edinson Roberto Cavani Gómez,86,5
112.3,32.4,Right Foot,Overhead Kick,0,1,0,0.09504734,Paris Saint-Germain,Lucas Rodrigues Moura da Silva,86,7
112.6,35.3,Head,Normal,0,0,0,0.102163844,Paris Saint-Germain,Marcos Aoás Corrêa,89,38
95.5,35.7,Right Foot,Normal,0,1,0,0.052548457,Paris Saint-Germain,Lucas Rodrigues Moura da Silva,94,16
115.2,43.4,Right Foot,Half Volley,0,1,1,0.40923873,Paris Saint-Germain,Zlatan Ibrahimović,1,56
94.5,44.3,Right Foot,Normal,0,0,0,0.038275834,Paris Saint-Germain,Lucas Rodrigues Moura da Silva,8,18
111.9,28.7,Left Foot,Normal,0,0,0,0.21959808,Paris Saint-Germain,Ángel Fabián Di María Hernández,10,1
109.8,40.3,Head,Normal,1,0,0,0.065355055,Paris Saint-Germain,Lucas Rodrigues Moura da Silva,14,59
111.2,27.9,Left Foot,Normal,0,0,0,0.13192418,Paris Saint-Germain,Lucas Rodrigues Moura da Silva,31,37
96.8,32.6,Right Foot,Volley,0,0,0,0.03492247,Paris Saint-Germain,Ángel Fabián Di María Hernández,40,56
85.0,48.5,Left Foot,Normal,0,0,0,0.006808753,Paris Saint-Germain,Thiago Motta,54,9
92.4,33.7,Left Foot,Normal,0,0,0,0.04758824,Paris Saint-Germain,Ángel Fabián Di María Hernández,58,55
112.6,46.0,Right Foot,Half Volley,0,1,0,0.23472151,Paris Saint-Germain,Zlatan Ibrahimović,59,59
105.0,44.9,Left Foot,Normal,0,0,1,0.11668708,Paris Saint-Germain,Ángel Fabián Di María Hernández,70,32
113.6,25.3,Left Foot,Normal,0,1,0,0.022993432,Paris Saint-Germain,Maxwell Scherrer Cabelino Andrade,84,49
109.0,38.8,Head,Normal,1,0,0,0.04475906,Paris Saint-Germain,Marcos Aoás Corrêa,2,56
114.8,50.0,Right Foot,Normal,0,0,1,0.42004138,Paris Saint-Germain,Edinson Roberto Cavani Gómez,5,17
83.5,49.1,Right Foot,Normal,0,0,0,0.0072591202,Paris Saint-Germain,Zlatan Ibrahimović,8,55
109.0,54.4,Right Foot,Normal,0,0,0,0.09149981,Paris Saint-Germain,Serge Aurier,17,33
106.0,52.3,Left Foot,Volley,0,1,0,0.038918637,Paris Saint-Germain,Serge Aurier,17,36
104.7,30.1,Right Foot,Normal,0,0,0,0.13825087,Paris Saint-Germain,Jean-Kévin Augustin,23,14
95.1,24.9,Right Foot,Normal,0,0,0,0.041086175,Paris Saint-Germain,Zlatan Ibrahimović,25,10
101.8,38.5,Right Foot,Lob,1,0,0,0.37909007,Paris Saint-Germain,Edinson Roberto Cavani Gómez,53,17
114.3,39.2,Right Foot,Half Volley,1,1,1,0.4225615,Paris Saint-Germain,Zlatan Ibrahimović,54,14
104.1,26.5,Left Foot,Volley,0,1,1,0.040445466,Paris Saint-Germain,Layvin Kurzawa,68,44
99.6,20.3,Left Foot,Lob,1,0,0,0.010854606,Paris Saint-Germain,Ángel Fabián Di María Hernández,72,21
107.9,32.5,Left Foot,Backheel,0,1,0,0.26027814,Paris Saint-Germain,Ángel Fabián Di María Hernández,85,49
97.2,32.4,Left Foot,Normal,0,1,0,0.043340206,Paris Saint-Germain,Benjamin Stambouli,88,24
97.0,40.0,Right Foot,Normal,0,0,0,0.059649926,Paris Saint-Germain,Lucas Rodrigues Moura da Silva,90,5
100.9,47.8,Left Foot,Normal,0,0,0,0.036604814,Paris Saint-Germain,Ángel Fabián Di María Hernández,90,19
118.6,31.9,Left Foot,Normal,0,0,0,0.03301712,Paris Saint-Germain,Blaise Matuidi,90,33
105.1,26.2,Left Foot,Volley,0,1,0,0.03004826,Paris Saint-Germain,Ángel Fabián Di María Hernández,14,1
104.7,39.9,Left Foot,Normal,0,0,1,0.12581249,Paris Saint-Germain,Ángel Fabián Di María Hernández,15,57
107.4,39.1,Right Foot,Half Volley,0,1,0,0.17405199,Paris Saint-Germain,Thiago Motta,18,44
103.2,32.3,Right Foot,Normal,1,0,0,0.077184804,Paris Saint-Germain,Zlatan Ibrahimović,21,52
116.4,48.7,Right Foot,Half Volley,0,1,0,0.17688367,Paris Saint-Germain,Lucas Rodrigues Moura da Silva,21,54
113.7,38.3,Right Foot,Volley,1,1,0,0.40751082,Paris Saint-Germain,Zlatan Ibrahimović,21,56
115.4,38.2,Right Foot,Overhead Kick,1,1,0,0.3183872,Paris Saint-Germain,Zlatan Ibrahimović,21,58
115.9,31.1,Head,Normal,0,0,0,0.054926645,Paris Saint-Germain,Thiago Emiliano da Silva,25,15
93.5,37.2,Left Foot,Normal,0,0,0,0.033391494,Paris Saint-Germain,Lucas Rodrigues Moura da Silva,31,12
97.6,54.1,Right Foot,Half Volley,0,1,0,0.020946974,Paris Saint-Germain,Serge Aurier,31,14
94.5,38.6,Right Foot,Half Volley,0,1,1,0.031670984,Paris Saint-Germain,Zlatan Ibrahimović,35,6
110.6,34.1,Head,Normal,1,0,0,0.07816297,Paris Saint-Germain,Lucas Rodrigues Moura da Silva,44,25
113.5,44.7,Left Foot,Lob,0,1,1,0.18465468,Paris Saint-Germain,Ángel Fabián Di María Hernández,49,30
105.3,40.7,Right Foot,Half Volley,1,0,0,0.053359017,Paris Saint-Germain,Lucas Rodrigues Moura da Silva,52,59
113.2,37.3,Head,Normal,0,0,0,0.23062281,Paris Saint-Germain,Lucas Rodrigues Moura da Silva,55,23
97.4,33.9,Right Foot,Normal,0,0,0,0.07789042,Paris Saint-Germain,Zlatan Ibrahimović,62,21
102.1,46.5,Right Foot,Half Volley,0,1,0,0.15214436,Paris Saint-Germain,Ezequiel Iván Lavezzi,75,37
106.8,35.2,Right Foot,Normal,1,0,0,0.13269903,Paris Saint-Germain,Ezequiel Iván Lavezzi,80,3
105.4,34.5,Right Foot,Half Volley,1,0,0,0.22851779,Paris Saint-Germain,Zlatan Ibrahimović,3,21
111.7,49.5,Right Foot,Half Volley,0,1,1,0.19156037,Paris Saint-Germain,Zlatan Ibrahimović,10,38
115.6,39.1,Head,Normal,0,0,1,0.423238,Paris Saint-Germain,Serge Aurier,16,12
109.3,27.9,Right Foot,Normal,1,0,0,0.15802227,Paris Saint-Germain,Edinson Roberto Cavani Gómez,20,41
101.7,29.1,Left Foot,Normal,1,0,0,0.10060252,Paris Saint-Germain,Ángel Fabián Di María Hernández,46,45
116.1,42.6,Head,Normal,0,0,0,0.20592834,Paris Saint-Germain,David Luiz Moreira Marinho,54,59
113.5,34.7,Left Foot,Half Volley,0,1,1,0.24778873,Paris Saint-Germain,Edinson Roberto Cavani Gómez,60,36
87.5,47.3,Right Foot,Normal,0,0,0,0.02712808,Paris Saint-Germain,David Luiz Moreira Marinho,73,20
108.0,40.0,Right Foot,Normal,0,0,1,0.7835,Paris Saint-Germain,Zlatan Ibrahimović,76,42
97.6,48.7,Right Foot,Normal,1,1,0,0.05632153,Paris Saint-Germain,Edinson Roberto Cavani Gómez,85,3
104.9,50.5,Right Foot,Normal,1,0,1,0.26904482,Paris Saint-Germain,Lucas Rodrigues Moura da Silva,90,29
81.2,49.5,Left Foot,Normal,0,0,1,0.008475669,Paris Saint-Germain,Ángel Fabián Di María Hernández,5,43
94.7,51.1,Right Foot,Normal,1,0,0,0.026732286,Paris Saint-Germain,Gregory van der Wiel,8,44
104.6,50.9,Left Foot,Normal,1,1,0,0.06990604,Paris Saint-Germain,Ángel Fabián Di María Hernández,10,1
115.8,36.7,Head,Normal,0,0,1,0.57664716,Paris Saint-Germain,Zlatan Ibrahimović,17,13
103.6,24.7,Left Foot,Normal,0,1,0,0.04341521,Paris Saint-Germain,Layvin Kurzawa,21,44
115.1,26.2,Right Foot,Half Volley,0,0,0,0.024483314,Paris Saint-Germain,Zlatan Ibrahimović,23,54
108.7,41.4,Head,Normal,1,0,0,0.053679626,Paris Saint-Germain,Zlatan Ibrahimović,27,21
101.1,46.3,Left Foot,Half Volley,0,0,0,0.063927345,Paris Saint-Germain,Ángel Fabián Di María Hernández,31,28
102.0,26.5,Right Foot,Normal,0,0,0,0.04832297,Paris Saint-Germain,Edinson Roberto Cavani Gómez,49,45
108.1,27.0,Left Foot,Normal,0,0,0,0.110255376,Paris Saint-Germain,Edinson Roberto Cavani Gómez,57,30
108.9,45.0,Head,Normal,1,0,0,0.04404396,Paris Saint-Germain,Zlatan Ibrahimović,61,17
114.7,32.4,Head,Normal,0,0,1,0.08218838,Paris Saint-Germain,Lucas Rodrigues Moura da Silva,65,53
98.0,53.5,Right Foot,Normal,0,0,0,0.042511374,Paris Saint-Germain,Lucas Rodrigues Moura da Silva,73,56
107.8,35.3,Right Foot,Half Volley,0,1,1,0.14887568,Paris Saint-Germain,Zlatan Ibrahimović,73,57
108.6,32.9,Right Foot,Half Volley,0,0,1,0.36713967,Paris Saint-Germain,Ezequiel Iván Lavezzi,77,25
90.8,35.5,Right Foot,Normal,0,0,0,0.04249598,Paris Saint-Germain,Ezequiel Iván Lavezzi,2,46
89.5,41.8,Left Foot,Normal,0,0,0,0.019769037,Paris Saint-Germain,Maxwell Scherrer Cabelino Andrade,9,39
101.6,31.8,Right Foot,Normal,1,0,0,0.03064459,Paris Saint-Germain,Lucas Rodrigues Moura da Silva,10,34
112.8,25.5,Left Foot,Normal,0,0,0,0.047583345,Paris Saint-Germain,Ezequiel Iván Lavezzi,16,51
87.8,26.5,Left Foot,Normal,1,0,0,0.0071094735,Paris Saint-Germain,Adrien Rabiot,19,41
91.7,58.9,Left Foot,Normal,0,0,0,0.00835587,Paris Saint-Germain,Ángel Fabián Di María Hernández,36,17
111.8,27.1,Left Foot,Normal,1,0,0,0.0742182,Paris Saint-Germain,Lucas Rodrigues Moura da Silva,42,24
113.1,36.2,Head,Normal,0,0,0,0.16523466,Paris Saint-Germain,Serge Aurier,42,56
100.9,32.4,Left Foot,Half Volley,1,1,0,0.056033928,Paris Saint-Germain,Ángel Fabián Di María Hernández,55,16
108.1,35.1,Left Foot,Backheel,0,1,0,0.08956666,Paris Saint-Germain,Ángel Fabián Di María Hernández,57,21
96.1,23.7,Right Foot,Normal,0,0,0,0.024924263,Paris Saint-Germain,Lucas Rodrigues Moura da Silva,61,39
104.2,33.8,Left Foot,Volley,1,1,1,0.07923591,Paris Saint-Germain,Ángel Fabián Di María Hernández,74,42
91.6,49.9,Left Foot,Normal,1,0,0,0.026581995,Paris Saint-Germain,Ángel Fabián Di María Hernández,78,8
104.0,46.5,Right Foot,Normal,0,1,0,0.07370942,Paris Saint-Germain,Lucas Rodrigues Moura da Silva,1,38
111.5,47.7,Head,Normal,1,0,0,0.04916204,Paris Saint-Germain,Adrien Rabiot,14,24
111.2,26.4,Right Foot,Normal,0,0,0,0.06364755,Paris Saint-Germain,Javier Matías Pastore,16,36
109.2,49.4,Right Foot,Normal,0,0,1,0.9640861,Paris Saint-Germain,Lucas Rodrigues Moura da Silva,56,40
96.1,34.1,Right Foot,Normal,0,0,0,0.07618376,Paris Saint-Germain,Edinson Roberto Cavani Gómez,89,16
104.9,41.9,Right Foot,Normal,0,1,0,0.18843307,Paris Saint-Germain,Edinson Roberto Cavani Gómez,93,17
83.1,46.1,Right Foot,Normal,0,0,0,0.006788716,Paris Saint-Germain,Zlatan Ibrahimović,12,37
83.8,48.5,Right Foot,Normal,1,0,0,0.0067304666,Paris Saint-Germain,Javier Matías Pastore,19,30
108.3,42.7,Head,Diving Header,0,0,0,0.1167561,Paris Saint-Germain,Javier Matías Pastore,20,44
90.5,29.9,Right Foot,Normal,0,1,0,0.022452904,Paris Saint-Germain,Zlatan Ibrahimović,35,25
118.8,45.6,Right Foot,Volley,0,1,0,0.16135186,Paris Saint-Germain,Zlatan Ibrahimović,39,58
108.3,44.7,Right Foot,Volley,0,1,0,0.14021301,Paris Saint-Germain,Edinson Roberto Cavani Gómez,46,51
113.9,33.4,Head,Normal,1,0,0,0.09774693,Paris Saint-Germain,Zlatan Ibrahimović,55,48
102.3,28.4,Right Foot,Volley,0,1,0,0.042774208,Paris Saint-Germain,Edinson Roberto Cavani Gómez,59,27
108.7,41.9,Head,Normal,0,0,0,0.039134357,Paris Saint-Germain,Adrien Rabiot,62,53
112.6,47.5,Right Foot,Normal,1,1,1,0.34961104,Paris Saint-Germain,Zlatan Ibrahimović,71,24
110.8,43.7,Right Foot,Normal,0,1,1,0.4084296,Paris Saint-Germain,Zlatan Ibrahimović,82,13
100.3,44.3,Right Foot,Half Volley,0,1,0,0.063683204,Paris Saint-Germain,Edinson Roberto Cavani Gómez,88,14
106.6,44.0,Head,Normal,0,0,0,0.06728822,Paris Saint-Germain,Ángel Fabián Di María Hernández,10,11
105.2,57.5,Right Foot,Normal,0,0,0,0.040201165,Paris Saint-Germain,Zlatan Ibrahimović,11,15
106.9,29.8,Right Foot,Normal,0,1,0,0.10075281,Paris Saint-Germain,Zlatan Ibrahimović,18,22
102.8,40.8,Right Foot,Half Volley,0,1,0,0.05089525,Paris Saint-Germain,Zlatan Ibrahimović,22,11
112.6,44.7,Right Foot,Half Volley,0,1,0,0.16949627,Paris Saint-Germain,Zlatan Ibrahimović,22,12
101.6,51.8,Left Foot,Normal,0,0,0,0.08709055,Paris Saint-Germain,Ángel Fabián Di María Hernández,25,9
104.5,52.4,Left Foot,Normal,0,0,0,0.08708111,Paris Saint-Germain,Ángel Fabián Di María Hernández,28,16
108.1,40.1,Right Foot,Normal,0,0,1,0.7835,Paris Saint-Germain,Zlatan Ibrahimović,40,42
108.1,40.1,Right Foot,Normal,0,0,1,0.7835,Paris Saint-Germain,Zlatan Ibrahimović,43,42
113.2,53.8,Right Foot,Normal,0,0,0,0.06250915,Paris Saint-Germain,Serge Aurier,49,25
103.7,48.5,Left Foot,Normal,0,1,0,0.12094896,Paris Saint-Germain,Ángel Fabián Di María Hernández,63,46
107.6,25.6,Left Foot,Half Volley,1,1,0,0.045516007,Paris Saint-Germain,Edinson Roberto Cavani Gómez,65,48
114.8,37.2,Head,Normal,0,0,0,0.22063482,Paris Saint-Germain,Serge Aurier,67,29
93.3,34.6,Left Foot,Normal,0,0,0,0.032252807,Paris Saint-Germain,Blaise Matuidi,69,9
113.2,40.6,Right Foot,Normal,0,1,0,0.5290182,Paris Saint-Germain,Javier Matías Pastore,77,11
103.8,23.3,Left Foot,Half Volley,0,0,0,0.030649405,Paris Saint-Germain,Maxwell Scherrer Cabelino Andrade,77,15
108.6,25.0,Right Foot,Normal,1,0,0,0.02161513,Paris Saint-Germain,Zlatan Ibrahimović,19,42
95.6,44.2,Right Foot,Half Volley,0,1,0,0.03365926,Paris Saint-Germain,Javier Matías Pastore,23,53
104.9,58.9,Left Foot,Normal,0,0,0,0.009470403,Paris Saint-Germain,Ángel Fabián Di María Hernández,24,59
113.2,36.7,Head,Normal,1,0,0,0.1628035,Paris Saint-Germain,Serge Aurier,25,25
111.1,38.0,Right Foot,Normal,0,0,0,0.18324852,Paris Saint-Germain,Serge Aurier,25,27
83.0,46.6,Right Foot,Normal,0,0,0,0.006474244,Paris Saint-Germain,Zlatan Ibrahimović,44,20
108.3,42.0,Left Foot,Volley,1,1,0,0.08393007,Paris Saint-Germain,Ángel Fabián Di María Hernández,47,13
115.0,43.4,Right Foot,Half Volley,0,0,1,0.5237891,Paris Saint-Germain,Zlatan Ibrahimović,47,15
90.4,33.5,Right Foot,Normal,0,0,0,0.0344217,Paris Saint-Germain,Zlatan Ibrahimović,57,32
105.0,26.3,Left Foot,Half Volley,1,1,0,0.051465802,Paris Saint-Germain,Ángel Fabián Di María Hernández,63,42
111.8,44.0,Head,Normal,0,0,0,0.092202984,Paris Saint-Germain,Zlatan Ibrahimović,69,28
113.4,50.6,Head,Normal,0,0,1,0.053787798,Paris Saint-Germain,Edinson Roberto Cavani Gómez,72,20
99.9,35.1,Left Foot,Lob,0,1,1,0.25825605,Paris Saint-Germain,Ángel Fabián Di María Hernández,79,9
102.4,30.6,Right Foot,Normal,0,1,0,0.10629551,Paris Saint-Germain,Ezequiel Iván Lavezzi,87,58
111.2,42.8,Right Foot,Overhead Kick,0,1,1,0.12910184,Paris Saint-Germain,Serge Aurier,89,51
112.7,40.9,Right Foot,Volley,0,1,0,0.19729528,Paris Saint-Germain,Edinson Roberto Cavani Gómez,3,18
87.0,47.1,Left Foot,Normal,1,0,0,0.022628156,Paris Saint-Germain,Ángel Fabián Di María Hernández,10,25
98.8,38.8,Right Foot,Normal,0,0,1,0.053596463,Paris Saint-Germain,Javier Matías Pastore,17,9
102.2,27.2,Left Foot,Normal,0,1,0,0.055520926,Paris Saint-Germain,Zlatan Ibrahimović,18,49
111.6,40.2,Head,Normal,0,0,0,0.1199959,Paris Saint-Germain,Thiago Motta,20,27
93.0,42.1,Right Foot,Normal,0,0,0,0.03992702,Paris Saint-Germain,Zlatan Ibrahimović,25,47
87.5,33.4,Right Foot,Normal,0,0,0,0.025260389,Paris Saint-Germain,Zlatan Ibrahimović,48,49
116.6,27.6,Right Foot,Normal,1,0,0,0.033596348,Paris Saint-Germain,Zlatan Ibrahimović,50,21
114.9,36.3,Head,Normal,1,0,0,0.1326891,Paris Saint-Germain,Marcos Aoás Corrêa,52,53
110.3,34.6,Head,Normal,0,0,0,0.06163326,Paris Saint-Germain,Edinson Roberto Cavani Gómez,62,22
113.1,53.6,Right Foot,Normal,0,0,0,0.09552083,Paris Saint-Germain,Javier Matías Pastore,65,39
93.6,31.1,Left Foot,Normal,0,0,0,0.033653416,Paris Saint-Germain,Ángel Fabián Di María Hernández,71,26
103.0,53.6,Left Foot,Half Volley,0,1,0,0.025662007,Paris Saint-Germain,Ángel Fabián Di María Hernández,75,3
110.1,56.0,Left Foot,Normal,1,0,0,0.039500028,Paris Saint-Germain,Zlatan Ibrahimović,75,50
116.2,44.1,Left Foot,Normal,1,1,1,0.58442515,Paris Saint-Germain,Ángel Fabián Di María Hernández,75,52
116.6,30.5,Left Foot,Normal,0,1,0,0.16451111,Paris Saint-Germain,Maxwell Scherrer Cabelino Andrade,77,55
109.5,27.9,Right Foot,Normal,1,0,1,0.070202686,Paris Saint-Germain,Zlatan Ibrahimović,82,46
108.1,40.1,Right Foot,Normal,0,0,0,0.7835,Paris Saint-Germain,Zlatan Ibrahimović,86,3
112.8,27.8,Left Foot,Normal,0,1,0,0.13866714,Paris Saint-Germain,Edinson Roberto Cavani Gómez,86,5
109.5,39.7,Head,Normal,1,0,0,0.054878768,Paris Saint-Germain,Layvin Kurzawa,5,4
99.4,54.7,Right Foot,Half Volley,1,0,0,0.021769846,Paris Saint-Germain,Marco Verratti,7,5
115.9,28.7,Right Foot,Lob,1,0,0,0.096047476,Paris Saint-Germain,Ezequiel Iván Lavezzi,17,40
99.7,38.0,Left Foot,Normal,1,0,0,0.050751276,Paris Saint-Germain,Javier Matías Pastore,37,48
111.5,36.4,Head,Normal,1,0,0,0.09300613,Paris Saint-Germain,Zlatan Ibrahimović,42,42
104.8,26.4,Left Foot,Half Volley,0,1,0,0.06177168,Paris Saint-Germain,Zlatan Ibrahimović,46,32
97.0,43.6,Left Foot,Normal,0,0,0,0.0476394,Paris Saint-Germain,Lucas Rodrigues Moura da Silva,48,4
106.3,27.0,Left Foot,Normal,0,0,0,0.057122637,Paris Saint-Germain,Ezequiel Iván Lavezzi,50,3
107.2,37.4,Head,Normal,0,0,0,0.025977578,Paris Saint-Germain,Marcos Aoás Corrêa,58,38
114.0,32.4,Right Foot,Half Volley,1,0,0,0.12681621,Paris Saint-Germain,Zlatan Ibrahimović,58,40
91.0,36.6,Right Foot,Normal,1,0,0,0.03742424,Paris Saint-Germain,Marco Verratti,61,4
109.7,36.1,Head,Normal,1,0,0,0.37723467,Paris Saint-Germain,Zlatan Ibrahimović,61,6
104.8,26.2,Left Foot,Normal,1,0,0,0.023674373,Paris Saint-Germain,Zlatan Ibrahimović,63,52
93.2,27.0,Right Foot,Normal,1,0,0,0.014191899,Paris Saint-Germain,Zlatan Ibrahimović,69,57
101.9,49.6,Right Foot,Volley,1,1,0,0.029679283,Paris Saint-Germain,Javier Matías Pastore,75,58
109.8,37.5,Right Foot,Volley,0,1,1,0.16450883,Paris Saint-Germain,Edinson Roberto Cavani Gómez,83,15
109.6,38.9,Head,Normal,0,0,0,0.057340596,Paris Saint-Germain,Thiago Emiliano da Silva,88,41
102.3,56.4,Left Foot,Normal,0,0,0,0.026169293,Paris Saint-Germain,Ángel Fabián Di María Hernández,4,4
101.7,57.0,Left Foot,Normal,0,0,0,0.036685836,Paris Saint-Germain,Serge Aurier,12,5
92.6,41.4,Left Foot,Normal,0,1,0,0.028459564,Paris Saint-Germain,Ángel Fabián Di María Hernández,22,15
91.6,43.0,Left Foot,Normal,0,0,0,0.030788377,Paris Saint-Germain,Ángel Fabián Di María Hernández,23,56
105.7,44.7,Right Foot,Half Volley,0,0,1,0.1874581,Paris Saint-Germain,Edinson Roberto Cavani Gómez,26,12
98.5,25.5,Right Foot,Normal,0,0,1,0.049293023,Paris Saint-Germain,Edinson Roberto Cavani Gómez,33,34
113.8,35.1,Left Foot,Half Volley,0,0,0,0.14737606,Paris Saint-Germain,Edinson Roberto Cavani Gómez,37,39
116.8,48.9,Head,Normal,1,0,0,0.084021986,Paris Saint-Germain,Thiago Motta,38,6
103.2,55.4,Right Foot,Normal,0,0,0,0.017162386,Paris Saint-Germain,Serge Aurier,40,43
108.8,33.4,Left Foot,Normal,0,0,0,0.4427464,Paris Saint-Germain,Ángel Fabián Di María Hernández,41,16
95.8,39.3,Right Foot,Volley,0,1,0,0.026570177,Paris Saint-Germain,Blaise Matuidi,49,56
93.3,35.1,Left Foot,Normal,1,0,0,0.025839143,Paris Saint-Germain,Ángel Fabián Di María Hernández,54,15
112.8,54.5,Left Foot,Normal,0,0,0,0.037821755,Paris Saint-Germain,Ángel Fabián Di María Hernández,63,30
112.1,34.7,Head,Normal,1,0,0,0.060411923,Paris Saint-Germain,Thiago Emiliano da Silva,75,11
94.8,41.4,Left Foot,Normal,1,0,0,0.057879854,Paris Saint-Germain,Ezequiel Iván Lavezzi,82,4
91.8,27.0,Left Foot,Normal,0,0,0,0.019350378,Paris Saint-Germain,Ángel Fabián Di María Hernández,86,29
95.6,37.0,Left Foot,Normal,1,1,0,0.03339956,Paris Saint-Germain,Ángel Fabián Di María Hernández,87,3
106.8,47.3,Left Foot,Half Volley,1,0,0,0.0828597,Paris Saint-Germain,Edinson Roberto Cavani Gómez,87,35
102.2,48.3,Right Foot,Half Volley,0,1,0,0.06470989,Paris Saint-Germain,Serge Aurier,90,0
104.9,32.5,Right Foot,Normal,1,0,0,0.09260755,Paris Saint-Germain,Zlatan Ibrahimović,5,59
104.5,41.1,Right Foot,Volley,1,0,0,0.15827887,Paris Saint-Germain,Lucas Rodrigues Moura da Silva,15,49
109.3,47.7,Head,Normal,0,0,0,0.04902454,Paris Saint-Germain,Edinson Roberto Cavani Gómez,22,1
101.9,40.4,Right Foot,Normal,0,1,0,0.08464395,Paris Saint-Germain,Maxwell Scherrer Cabelino Andrade,24,50
106.4,33.0,Right Foot,Normal,0,1,0,0.19379252,Paris Saint-Germain,Edinson Roberto Cavani Gómez,24,51
101.3,25.0,Right Foot,Lob,0,1,0,0.09089261,Paris Saint-Germain,Zlatan Ibrahimović,28,26
92.8,53.3,Right Foot,Normal,1,0,0,0.025015041,Paris Saint-Germain,Lucas Rodrigues Moura da Silva,32,0
114.3,36.0,Head,Normal,1,0,0,0.1706786,Paris Saint-Germain,Thiago Emiliano da Silva,41,22
107.1,36.4,Left Foot,Half Volley,0,1,0,0.102923654,Paris Saint-Germain,Edinson Roberto Cavani Gómez,44,17
107.6,23.7,Left Foot,Normal,1,1,0,0.014475738,Paris Saint-Germain,Edinson Roberto Cavani Gómez,45,45
113.8,47.9,Head,Normal,1,0,0,0.087753505,Paris Saint-Germain,Zlatan Ibrahimović,45,50
112.4,35.6,Head,Normal,0,0,1,0.12936,Paris Saint-Germain,Edinson Roberto Cavani Gómez,56,37
103.2,35.1,Right Foot,Normal,0,0,0,0.14255807,Paris Saint-Germain,Blaise Matuidi,58,57
109.2,34.8,Head,Diving Header,0,0,0,0.14037156,Paris Saint-Germain,Edinson Roberto Cavani Gómez,66,32
107.6,29.9,Right Foot,Normal,0,1,1,0.25338832,Paris Saint-Germain,Edinson Roberto Cavani Gómez,72,16
110.5,51.0,Right Foot,Normal,1,0,0,0.18573579,Paris Saint-Germain,Serge Aurier,78,28
103.5,43.3,Right Foot,Half Volley,1,1,1,0.11113,Paris Saint-Germain,Ezequiel Iván Lavezzi,82,26
107.0,60.3,Left Foot,Normal,0,0,0,0.010121631,Paris Saint-Germain,Ángel Fabián Di María Hernández,85,35
98.6,22.2,Right Foot,Normal,0,0,0,0.012521728,Paris Saint-Germain,Ezequiel Iván Lavezzi,90,47
106.1,40.6,Right Foot,Normal,1,1,0,0.06835877,Paris Saint-Germain,Lucas Rodrigues Moura da Silva,1,43
109.5,45.4,Right Foot,Normal,1,1,0,0.075875126,Paris Saint-Germain,Lucas Rodrigues Moura da Silva,1,44
92.7,37.8,Right Foot,Normal,0,0,0,0.031214107,Paris Saint-Germain,Lucas Rodrigues Moura da Silva,7,16
105.6,26.3,Left Foot,Normal,0,0,1,0.060586702,Paris Saint-Germain,Blaise Matuidi,10,4
112.5,43.2,Head,Normal,0,0,1,0.10402518,Paris Saint-Germain,Thiago Emiliano da Silva,20,22
110.9,39.4,Head,Normal,1,0,0,0.07463917,Paris Saint-Germain,Jean-Kévin Augustin,31,2
89.4,46.7,Left Foot,Normal,0,1,0,0.019025786,Paris Saint-Germain,Thiago Motta,32,30
85.2,35.3,Right Foot,Normal,0,0,0,0.018397901,Paris Saint-Germain,David Luiz Moreira Marinho,39,19
107.2,42.7,Head,Normal,0,0,0,0.046382833,Paris Saint-Germain,Edinson Roberto Cavani Gómez,62,23
113.0,53.1,Right Foot,Half Volley,1,1,0,0.055830646,Paris Saint-Germain,Jean-Kévin Augustin,64,6
107.1,33.3,Head,Normal,0,0,0,0.045926023,Paris Saint-Germain,Edinson Roberto Cavani Gómez,68,5
110.9,40.3,Head,Normal,0,0,0,0.07103236,Paris Saint-Germain,David Luiz Moreira Marinho,69,37
107.1,42.6,Right Foot,Volley,1,1,0,0.06256308,Paris Saint-Germain,Thiago Emiliano da Silva,70,12
110.9,37.9,Head,Diving Header,0,0,0,0.2237682,Paris Saint-Germain,Serge Aurier,79,28
113.8,36.4,Head,Normal,1,0,0,0.11782034,Paris Saint-Germain,David Luiz Moreira Marinho,84,22
107.5,39.5,Head,Normal,0,0,0,0.080673136,Paris Saint-Germain,Edinson Roberto Cavani Gómez,84,37
98.1,43.2,Right Foot,Normal,0,0,0,0.046555348,Paris Saint-Germain,Lucas Rodrigues Moura da Silva,85,12
99.5,52.5,Right Foot,Normal,1,0,0,0.056025844,Paris Saint-Germain,Javier Matías Pastore,92,38
